r_kpc,rho_Msun_pc3,ratio_rho_over_rhoc,Phi_TEG,deviation_from_GR_abs,regime,rho_c_Msun_pc3,rho_transition_threshold
0.050000,13455.263636,13431036.6941,1.0000000000,0.000e+00,GR_exact,0.001002,15.9
0.055912,11341.694170,11321272.8259,1.0000000000,0.000e+00,GR_exact,0.001002,15.9
0.061824,9680.002280,9662572.9040,1.0000000000,0.000e+00,GR_exact,0.001002,15.9
0.067735,8348.810655,8333778.1630,1.0000000000,0.000e+00,GR_exact,0.001002,15.9
0.073647,7265.465876,7252384.0058,1.0000000000,0.000e+00,GR_exact,0.001002,15.9
0.079559,6371.925519,6360452.5170,1.0000000000,0.000e+00,GR_exact,0.001002,15.9
0.085471,5626.361279,5616230.7066,1.0000000000,0.000e+00,GR_exact,0.001002,15.9
0.091383,4997.956087,4988956.9927,1.0000000000,0.000e+00,GR_exact,0.001002,15.9
0.097295,4463.567565,4455530.6661,1.0000000000,0.000e+00,GR_exact,0.001002,15.9
0.103206,4005.524264,3998312.0979,1.0000000000,0.000e+00,GR_exact,0.001002,15.9
0.109118,3610.132316,3603632.0740,1.0000000000,0.000e+00,GR_exact,0.001002,15.9
0.115030,3266.640458,3260758.6925,1.0000000000,0.000e+00,GR_exact,0.001002,15.9
0.120942,2966.508349,2961166.9878,1.0000000000,0.000e+00,GR_exact,0.001002,15.9
0.126854,2702.880021,2698013.3370,1.0000000000,0.000e+00,GR_exact,0.001002,15.9
0.132766,2470.198893,2465751.1641,1.0000000000,0.000e+00,GR_exact,0.001002,15.9
0.138677,2263.922207,2259845.8907,1.0000000000,0.000e+00,GR_exact,0.001002,15.9
0.144589,2080.306435,2076560.7291,1.0000000000,0.000e+00,GR_exact,0.001002,15.9
0.150501,1916.244089,1912793.7867,1.0000000000,0.000e+00,GR_exact,0.001002,15.9
0.156413,1769.138265,1765952.8347,1.0000000000,0.000e+00,GR_exact,0.001002,15.9
0.162325,1636.805224,1633858.0659,1.0000000000,0.000e+00,GR_exact,0.001002,15.9
0.168236,1517.398043,1514665.8843,1.0000000000,0.000e+00,GR_exact,0.001002,15.9
0.174148,1409.346272,1406808.6670,1.0000000000,0.000e+00,GR_exact,0.001002,15.9
0.180060,1311.307852,1308946.7700,1.0000000000,0.000e+00,GR_exact,0.001002,15.9
0.185972,1222.130521,1219930.0080,1.0000000000,0.000e+00,GR_exact,0.001002,15.9
0.191884,1140.820632,1138766.5219,1.0000000000,0.000e+00,GR_exact,0.001002,15.9
0.197796,1066.517780,1064597.4566,1.0000000000,0.000e+00,GR_exact,0.001002,15.9
0.203707,998.474045,996676.2379,1.0000000000,0.000e+00,GR_exact,0.001002,15.9
0.209619,936.036904,934351.5183,1.0000000000,0.000e+00,GR_exact,0.001002,15.9
0.215531,878.635096,877053.0648,1.0000000000,0.000e+00,GR_exact,0.001002,15.9
0.221443,825.766863,824280.0245,1.0000000000,0.000e+00,GR_exact,0.001002,15.9
0.227355,776.990132,775591.1185,1.0000000000,0.000e+00,GR_exact,0.001002,15.9
0.233267,731.914264,730596.4117,1.0000000000,0.000e+00,GR_exact,0.001002,15.9
0.239178,690.193105,688950.3746,1.0000000000,0.000e+00,GR_exact,0.001002,15.9
0.245090,651.519107,650346.0111,1.0000000000,0.000e+00,GR_exact,0.001002,15.9
0.251002,615.618324,614509.8694,1.0000000000,0.000e+00,GR_exact,0.001002,15.9
0.256914,582.246153,581197.7866,1.0000000000,0.000e+00,GR_exact,0.001002,15.9
0.262826,551.183684,550191.2472,1.0000000000,0.000e+00,GR_exact,0.001002,15.9
0.268737,522.234569,521294.2571,1.0000000000,0.000e+00,GR_exact,0.001002,15.9
0.274649,495.222324,494330.6495,1.0000000000,0.000e+00,GR_exact,0.001002,15.9
0.280561,469.987997,469141.7581,1.0000000000,0.000e+00,GR_exact,0.001002,15.9
0.286473,446.388147,445584.4005,1.0000000000,0.000e+00,GR_exact,0.001002,15.9
0.292385,424.293089,423529.1257,1.0000000000,0.000e+00,GR_exact,0.001002,15.9
0.298297,403.585364,402858.6867,1.0000000000,0.000e+00,GR_exact,0.001002,15.9
0.304208,384.158406,383466.7073,1.0000000000,0.000e+00,GR_exact,0.001002,15.9
0.310120,365.915364,365256.5131,1.0000000000,0.000e+00,GR_exact,0.001002,15.9
0.316032,348.768083,348140.1065,1.0000000000,0.000e+00,GR_exact,0.001002,15.9
0.321944,332.636194,332037.2640,1.0000000000,0.000e+00,GR_exact,0.001002,15.9
0.327856,317.446320,316874.7407,1.0000000000,0.000e+00,GR_exact,0.001002,15.9
0.333768,303.131372,302585.5673,1.0000000000,0.000e+00,GR_exact,0.001002,15.9
0.339679,289.629922,289108.4269,1.0000000000,0.000e+00,GR_exact,0.001002,15.9
0.345591,276.885651,276387.1033,1.0000000000,0.000e+00,GR_exact,0.001002,15.9
0.351503,264.846861,264369.9893,1.0000000000,0.000e+00,GR_exact,0.001002,15.9
0.357415,253.466029,253009.6496,1.0000000000,0.000e+00,GR_exact,0.001002,15.9
0.363327,242.699424,242262.4304,1.0000000000,0.000e+00,GR_exact,0.001002,15.9
0.369238,232.506752,232088.1108,1.0000000000,0.000e+00,GR_exact,0.001002,15.9
0.375150,222.850846,222449.5903,1.0000000000,0.000e+00,GR_exact,0.001002,15.9
0.381062,213.697383,213312.6092,1.0000000000,0.000e+00,GR_exact,0.001002,15.9
0.386974,205.014637,204645.4967,1.0000000000,0.000e+00,GR_exact,0.001002,15.9
0.392886,196.773246,196418.9450,1.0000000000,0.000e+00,GR_exact,0.001002,15.9
0.398798,188.946013,188605.8054,1.0000000000,0.000e+00,GR_exact,0.001002,15.9
0.404709,181.507719,181180.9045,1.0000000000,0.000e+00,GR_exact,0.001002,15.9
0.410621,174.434958,174120.8782,1.0000000000,0.000e+00,GR_exact,0.001002,15.9
0.416533,167.705985,167404.0216,1.0000000000,0.000e+00,GR_exact,0.001002,15.9
0.422445,161.300583,161010.1528,1.0000000000,0.000e+00,GR_exact,0.001002,15.9
0.428357,155.199935,154920.4892,1.0000000000,0.000e+00,GR_exact,0.001002,15.9
0.434269,149.386515,149117.5362,1.0000000000,0.000e+00,GR_exact,0.001002,15.9
0.440180,143.843984,143584.9847,1.0000000000,0.000e+00,GR_exact,0.001002,15.9
0.446092,138.557098,138307.6186,1.0000000000,0.000e+00,GR_exact,0.001002,15.9
0.452004,133.511625,133271.2300,1.0000000000,0.000e+00,GR_exact,0.001002,15.9
0.457916,128.694264,128462.5428,1.0000000000,0.000e+00,GR_exact,0.001002,15.9
0.463828,124.092577,123869.1415,1.0000000000,0.000e+00,GR_exact,0.001002,15.9
0.469739,119.694925,119479.4073,1.0000000000,0.000e+00,GR_exact,0.001002,15.9
0.475651,115.490406,115282.4590,1.0000000000,0.000e+00,GR_exact,0.001002,15.9
0.481563,111.468805,111268.0991,1.0000000000,0.000e+00,GR_exact,0.001002,15.9
0.487475,107.620541,107426.7642,1.0000000000,0.000e+00,GR_exact,0.001002,15.9
0.493387,103.936623,103749.4796,1.0000000000,0.000e+00,GR_exact,0.001002,15.9
0.499299,100.408609,100227.8178,1.0000000000,0.000e+00,GR_exact,0.001002,15.9
0.505210,97.028565,96853.8595,1.0000000000,0.000e+00,GR_exact,0.001002,15.9
0.511122,93.789031,93620.1590,1.0000000000,0.000e+00,GR_exact,0.001002,15.9
0.517034,90.682991,90519.7109,1.0000000000,0.000e+00,GR_exact,0.001002,15.9
0.522946,87.703836,87545.9208,1.0000000000,0.000e+00,GR_exact,0.001002,15.9
0.528858,84.845346,84692.5770,1.0000000000,0.000e+00,GR_exact,0.001002,15.9
0.534770,82.101654,81953.8252,1.0000000000,0.000e+00,GR_exact,0.001002,15.9
0.540681,79.467230,79324.1450,1.0000000000,0.000e+00,GR_exact,0.001002,15.9
0.546593,76.936856,76798.3274,1.0000000000,0.000e+00,GR_exact,0.001002,15.9
0.552505,74.505607,74371.4554,1.0000000000,0.000e+00,GR_exact,0.001002,15.9
0.558417,72.168828,72038.8845,1.0000000000,0.000e+00,GR_exact,0.001002,15.9
0.564329,69.922124,69796.2257,1.0000000000,0.000e+00,GR_exact,0.001002,15.9
0.570240,67.761337,67639.3293,1.0000000000,0.000e+00,GR_exact,0.001002,15.9
0.576152,65.682535,65564.2697,1.0000000000,0.000e+00,GR_exact,0.001002,15.9
0.582064,63.681995,63567.3318,1.0000000000,0.000e+00,GR_exact,0.001002,15.9
0.587976,61.756193,61644.9978,1.0000000000,0.000e+00,GR_exact,0.001002,15.9
0.593888,59.901792,59793.9353,1.0000000000,0.000e+00,GR_exact,0.001002,15.9
0.599800,58.115626,58010.9860,1.0000000000,0.000e+00,GR_exact,0.001002,15.9
0.605711,56.394697,56293.1551,1.0000000000,0.000e+00,GR_exact,0.001002,15.9
0.611623,54.736158,54637.6021,1.0000000000,0.000e+00,GR_exact,0.001002,15.9
0.617535,53.137308,53041.6310,1.0000000000,0.000e+00,GR_exact,0.001002,15.9
0.623447,51.595583,51502.6823,1.0000000000,0.000e+00,GR_exact,0.001002,15.9
0.629359,50.108548,50018.3250,1.0000000000,0.000e+00,GR_exact,0.001002,15.9
0.635271,48.673889,48586.2492,1.0000000000,0.000e+00,GR_exact,0.001002,15.9
0.641182,47.289406,47204.2591,1.0000000000,0.000e+00,GR_exact,0.001002,15.9
0.647094,45.953007,45870.2664,1.0000000000,0.000e+00,GR_exact,0.001002,15.9
0.653006,44.662702,44582.2847,1.0000000000,0.000e+00,GR_exact,0.001002,15.9
0.658918,43.416597,43338.4233,1.0000000000,0.000e+00,GR_exact,0.001002,15.9
0.664830,42.212889,42136.8824,1.0000000000,0.000e+00,GR_exact,0.001002,15.9
0.670741,41.049860,40975.9476,1.0000000000,0.000e+00,GR_exact,0.001002,15.9
0.676653,39.925874,39853.9857,1.0000000000,0.000e+00,GR_exact,0.001002,15.9
0.682565,38.839372,38769.4399,1.0000000000,0.000e+00,GR_exact,0.001002,15.9
0.688477,37.788867,37720.8260,1.0000000000,0.000e+00,GR_exact,0.001002,15.9
0.694389,36.772940,36706.7284,1.0000000000,0.000e+00,GR_exact,0.001002,15.9
0.700301,35.790239,35725.7965,1.0000000000,0.000e+00,GR_exact,0.001002,15.9
0.706212,34.839472,34776.7411,1.0000000000,0.000e+00,GR_exact,0.001002,15.9
0.712124,33.919405,33858.3317,1.0000000000,0.000e+00,GR_exact,0.001002,15.9
0.718036,33.028863,32969.3928,1.0000000000,0.000e+00,GR_exact,0.001002,15.9
0.723948,32.166720,32108.8016,1.0000000000,0.000e+00,GR_exact,0.001002,15.9
0.729860,31.331900,31275.4849,1.0000000000,0.000e+00,GR_exact,0.001002,15.9
0.735772,30.523376,30468.4169,1.0000000000,0.000e+00,GR_exact,0.001002,15.9
0.741683,29.740166,29686.6168,1.0000000000,0.000e+00,GR_exact,0.001002,15.9
0.747595,28.981329,28929.1461,1.0000000000,0.000e+00,GR_exact,0.001002,15.9
0.753507,28.245966,28195.1072,1.0000000000,0.000e+00,GR_exact,0.001002,15.9
0.759419,27.533216,27483.6407,1.0000000000,0.000e+00,GR_exact,0.001002,15.9
0.765331,26.842255,26793.9242,1.0000000000,0.000e+00,GR_exact,0.001002,15.9
0.771242,26.172294,26125.1697,1.0000000000,0.000e+00,GR_exact,0.001002,15.9
0.777154,25.522578,25476.6227,1.0000000000,0.000e+00,GR_exact,0.001002,15.9
0.783066,24.892380,24847.5602,1.0000000000,0.000e+00,GR_exact,0.001002,15.9
0.788978,24.281008,24237.2891,1.0000000000,0.000e+00,GR_exact,0.001002,15.9
0.794890,23.687796,23645.1450,1.0000000000,0.000e+00,GR_exact,0.001002,15.9
0.800802,23.112106,23070.4909,1.0000000000,0.000e+00,GR_exact,0.001002,15.9
0.806713,22.553324,22512.7157,1.0000000000,0.000e+00,GR_exact,0.001002,15.9
0.812625,22.010865,21971.2330,1.0000000000,0.000e+00,GR_exact,0.001002,15.9
0.818537,21.484164,21445.4802,1.0000000000,0.000e+00,GR_exact,0.001002,15.9
0.824449,20.972680,20934.9172,1.0000000000,0.000e+00,GR_exact,0.001002,15.9
0.830361,20.475893,20439.0252,1.0000000000,0.000e+00,GR_exact,0.001002,15.9
0.836273,19.993305,19957.3063,1.0000000000,0.000e+00,GR_exact,0.001002,15.9
0.842184,19.524437,19489.2820,1.0000000000,0.000e+00,GR_exact,0.001002,15.9
0.848096,19.068827,19034.4924,1.0000000000,0.000e+00,GR_exact,0.001002,15.9
0.854008,18.626033,18592.4959,1.0000000000,0.000e+00,GR_exact,0.001002,15.9
0.859920,18.195630,18162.8676,1.0000000000,0.000e+00,GR_exact,0.001002,15.9
0.865832,17.777208,17745.1991,1.0000000000,0.000e+00,GR_exact,0.001002,15.9
0.871743,17.370374,17339.0977,1.0000000000,0.000e+00,GR_exact,0.001002,15.9
0.877655,16.974749,16944.1854,1.0000000000,0.000e+00,GR_exact,0.001002,15.9
0.883567,16.589970,16560.0988,1.0000000000,0.000e+00,GR_exact,0.001002,15.9
0.889479,16.215685,16186.4880,1.0000000000,0.000e+00,GR_exact,0.001002,15.9
0.895391,15.851558,15823.0162,1.0000000000,0.000e+00,GR_exact,0.001002,15.9
0.901303,15.497263,15469.3592,1.0000000000,0.000e+00,GR_exact,0.001002,15.9
0.907214,15.152488,15125.2047,1.0000000000,0.000e+00,GR_exact,0.001002,15.9
0.913126,14.816931,14790.2519,1.0000000000,0.000e+00,GR_exact,0.001002,15.9
0.919038,14.490302,14464.2113,1.0000000000,0.000e+00,GR_exact,0.001002,15.9
0.924950,14.172322,14146.8035,1.0000000000,0.000e+00,GR_exact,0.001002,15.9
0.930862,13.862720,13837.7595,1.0000000000,0.000e+00,GR_exact,0.001002,15.9
0.936774,13.561238,13536.8200,1.0000000000,0.000e+00,GR_exact,0.001002,15.9
0.942685,13.267624,13243.7349,1.0000000000,0.000e+00,GR_exact,0.001002,15.9
0.948597,12.981637,12958.2630,1.0000000000,0.000e+00,GR_exact,0.001002,15.9
0.954509,12.703044,12680.1718,1.0000000000,0.000e+00,GR_exact,0.001002,15.9
0.960421,12.431621,12409.2368,1.0000000000,0.000e+00,GR_exact,0.001002,15.9
0.966333,12.167149,12145.2416,1.0000000000,0.000e+00,GR_exact,0.001002,15.9
0.972244,11.909421,11887.9773,1.0000000000,0.000e+00,GR_exact,0.001002,15.9
0.978156,11.658234,11637.2422,1.0000000000,0.000e+00,GR_exact,0.001002,15.9
0.984068,11.413392,11392.8416,1.0000000000,0.000e+00,GR_exact,0.001002,15.9
0.989980,11.174708,11154.5876,1.0000000000,0.000e+00,GR_exact,0.001002,15.9
0.995892,10.942000,10922.2986,1.0000000000,0.000e+00,GR_exact,0.001002,15.9
1.001804,10.715092,10695.7992,1.0000000000,0.000e+00,GR_exact,0.001002,15.9
1.007715,10.493815,10474.9201,1.0000000000,0.000e+00,GR_exact,0.001002,15.9
1.013627,10.278004,10259.4975,1.0000000000,0.000e+00,GR_exact,0.001002,15.9
1.019539,10.067500,10049.3734,1.0000000000,0.000e+00,GR_exact,0.001002,15.9
1.025451,9.862152,9844.3948,1.0000000000,0.000e+00,GR_exact,0.001002,15.9
1.031363,9.661810,9644.4139,1.0000000000,0.000e+00,GR_exact,0.001002,15.9
1.037275,9.466332,9449.2878,1.0000000000,0.000e+00,GR_exact,0.001002,15.9
1.043186,9.275580,9258.8783,1.0000000000,0.000e+00,GR_exact,0.001002,15.9
1.049098,9.089418,9073.0518,1.0000000000,0.000e+00,GR_exact,0.001002,15.9
1.055010,8.907718,8891.6790,1.0000000000,0.000e+00,GR_exact,0.001002,15.9
1.060922,8.730354,8714.6348,1.0000000000,0.000e+00,GR_exact,0.001002,15.9
1.066834,8.557206,8541.7982,1.0000000000,0.000e+00,GR_exact,0.001002,15.9
1.072745,8.388155,8373.0520,1.0000000000,0.000e+00,GR_exact,0.001002,15.9
1.078657,8.223089,8208.2828,1.0000000000,0.000e+00,GR_exact,0.001002,15.9
1.084569,8.061897,8047.3810,1.0000000000,0.000e+00,GR_exact,0.001002,15.9
1.090481,7.904473,7890.2401,1.0000000000,0.000e+00,GR_exact,0.001002,15.9
1.096393,7.750713,7736.7574,1.0000000000,0.000e+00,GR_exact,0.001002,15.9
1.102305,7.600518,7586.8332,1.0000000000,0.000e+00,GR_exact,0.001002,15.9
1.108216,7.453792,7440.3709,1.0000000000,0.000e+00,GR_exact,0.001002,15.9
1.114128,7.310440,7297.2770,1.0000000000,0.000e+00,GR_exact,0.001002,15.9
1.120040,7.170372,7157.4609,1.0000000000,0.000e+00,GR_exact,0.001002,15.9
1.125952,7.033499,7020.8348,1.0000000000,0.000e+00,GR_exact,0.001002,15.9
1.131864,6.899737,6887.3135,1.0000000000,0.000e+00,GR_exact,0.001002,15.9
1.137776,6.769003,6756.8147,1.0000000000,0.000e+00,GR_exact,0.001002,15.9
1.143687,6.641216,6629.2582,1.0000000000,0.000e+00,GR_exact,0.001002,15.9
1.149599,6.516300,6504.5667,1.0000000000,0.000e+00,GR_exact,0.001002,15.9
1.155511,6.394178,6382.6649,1.0000000000,0.000e+00,GR_exact,0.001002,15.9
1.161423,6.274778,6263.4799,1.0000000000,0.000e+00,GR_exact,0.001002,15.9
1.167335,6.158029,6146.9409,1.0000000000,0.000e+00,GR_exact,0.001002,15.9
1.173246,6.043862,6032.9794,1.0000000000,0.000e+00,GR_exact,0.001002,15.9
1.179158,5.932210,5921.5288,1.0000000000,0.000e+00,GR_exact,0.001002,15.9
1.185070,5.823009,5812.5246,1.0000000000,0.000e+00,GR_exact,0.001002,15.9
1.190982,5.716196,5705.9039,1.0000000000,0.000e+00,GR_exact,0.001002,15.9
1.196894,5.611710,5601.6061,1.0000000000,0.000e+00,GR_exact,0.001002,15.9
1.202806,5.509492,5499.5721,1.0000000000,0.000e+00,GR_exact,0.001002,15.9
1.208717,5.409484,5399.7444,1.0000000000,0.000e+00,GR_exact,0.001002,15.9
1.214629,5.311631,5302.0676,1.0000000000,0.000e+00,GR_exact,0.001002,15.9
1.220541,5.215879,5206.4874,1.0000000000,0.000e+00,GR_exact,0.001002,15.9
1.226453,5.122174,5112.9516,1.0000000000,0.000e+00,GR_exact,0.001002,15.9
1.232365,5.030467,5021.4090,1.0000000000,0.000e+00,GR_exact,0.001002,15.9
1.238277,4.940706,4931.8101,1.0000000000,0.000e+00,GR_exact,0.001002,15.9
1.244188,4.852845,4844.1069,1.0000000000,0.000e+00,GR_exact,0.001002,15.9
1.250100,4.766836,4758.2527,1.0000000000,0.000e+00,GR_exact,0.001002,15.9
1.256012,4.682633,4674.2019,1.0000000000,0.000e+00,GR_exact,0.001002,15.9
1.261924,4.600193,4591.9104,1.0000000000,0.000e+00,GR_exact,0.001002,15.9
1.267836,4.519473,4511.3355,1.0000000000,0.000e+00,GR_exact,0.001002,15.9
1.273747,4.440431,4432.4353,1.0000000000,0.000e+00,GR_exact,0.001002,15.9
1.279659,4.363025,4355.1693,1.0000000000,0.000e+00,GR_exact,0.001002,15.9
1.285571,4.287218,4279.4982,1.0000000000,0.000e+00,GR_exact,0.001002,15.9
1.291483,4.212969,4205.3836,1.0000000000,0.000e+00,GR_exact,0.001002,15.9
1.297395,4.140243,4132.7882,1.0000000000,0.000e+00,GR_exact,0.001002,15.9
1.303307,4.069002,4061.6758,1.0000000000,0.000e+00,GR_exact,0.001002,15.9
1.309218,3.999212,3992.0111,1.0000000000,0.000e+00,GR_exact,0.001002,15.9
1.315130,3.930838,3923.7599,1.0000000000,0.000e+00,GR_exact,0.001002,15.9
1.321042,3.863846,3856.8888,1.0000000000,0.000e+00,GR_exact,0.001002,15.9
1.326954,3.798204,3791.3654,1.0000000000,0.000e+00,GR_exact,0.001002,15.9
1.332866,3.733881,3727.1580,1.0000000000,0.000e+00,GR_exact,0.001002,15.9
1.338778,3.670846,3664.2359,1.0000000000,0.000e+00,GR_exact,0.001002,15.9
1.344689,3.609068,3602.5693,1.0000000000,0.000e+00,GR_exact,0.001002,15.9
1.350601,3.548518,3542.1289,1.0000000000,0.000e+00,GR_exact,0.001002,15.9
1.356513,3.489169,3482.8866,1.0000000000,0.000e+00,GR_exact,0.001002,15.9
1.362425,3.430992,3424.8145,1.0000000000,0.000e+00,GR_exact,0.001002,15.9
1.368337,3.373961,3367.8860,1.0000000000,0.000e+00,GR_exact,0.001002,15.9
1.374248,3.318049,3312.0749,1.0000000000,0.000e+00,GR_exact,0.001002,15.9
1.380160,3.263231,3257.3556,1.0000000000,0.000e+00,GR_exact,0.001002,15.9
1.386072,3.209482,3203.7033,1.0000000000,0.000e+00,GR_exact,0.001002,15.9
1.391984,3.156778,3151.0940,1.0000000000,0.000e+00,GR_exact,0.001002,15.9
1.397896,3.105095,3099.5040,1.0000000000,0.000e+00,GR_exact,0.001002,15.9
1.403808,3.054410,3048.9105,1.0000000000,0.000e+00,GR_exact,0.001002,15.9
1.409719,3.004701,2999.2911,1.0000000000,0.000e+00,GR_exact,0.001002,15.9
1.415631,2.955946,2950.6240,1.0000000000,0.000e+00,GR_exact,0.001002,15.9
1.421543,2.908124,2902.8881,1.0000000000,0.000e+00,GR_exact,0.001002,15.9
1.427455,2.861214,2856.0625,1.0000000000,0.000e+00,GR_exact,0.001002,15.9
1.433367,2.815196,2810.1274,1.0000000000,0.000e+00,GR_exact,0.001002,15.9
1.439279,2.770050,2765.0628,1.0000000000,0.000e+00,GR_exact,0.001002,15.9
1.445190,2.725758,2720.8499,1.0000000000,0.000e+00,GR_exact,0.001002,15.9
1.451102,2.682299,2677.4697,1.0000000000,0.000e+00,GR_exact,0.001002,15.9
1.457014,2.639657,2634.9043,1.0000000000,0.000e+00,GR_exact,0.001002,15.9
1.462926,2.597813,2593.1359,1.0000000000,0.000e+00,GR_exact,0.001002,15.9
1.468838,2.556751,2552.1471,1.0000000000,0.000e+00,GR_exact,0.001002,15.9
1.474749,2.516452,2511.9210,1.0000000000,0.000e+00,GR_exact,0.001002,15.9
1.480661,2.476901,2472.4413,1.0000000000,0.000e+00,GR_exact,0.001002,15.9
1.486573,2.438082,2433.6920,1.0000000000,0.000e+00,GR_exact,0.001002,15.9
1.492485,2.399978,2395.6572,1.0000000000,0.000e+00,GR_exact,0.001002,15.9
1.498397,2.362576,2358.3218,1.0000000000,0.000e+00,GR_exact,0.001002,15.9
1.504309,2.325859,2321.6709,1.0000000000,0.000e+00,GR_exact,0.001002,15.9
1.510220,2.289813,2285.6900,1.0000000000,0.000e+00,GR_exact,0.001002,15.9
1.516132,2.254424,2250.3648,1.0000000000,0.000e+00,GR_exact,0.001002,15.9
1.522044,2.219678,2215.6816,1.0000000000,0.000e+00,GR_exact,0.001002,15.9
1.527956,2.185562,2181.6268,1.0000000000,0.000e+00,GR_exact,0.001002,15.9
1.533868,2.152062,2148.1872,1.0000000000,0.000e+00,GR_exact,0.001002,15.9
1.539780,2.119166,2115.3500,1.0000000000,0.000e+00,GR_exact,0.001002,15.9
1.545691,2.086860,2083.1027,1.0000000000,0.000e+00,GR_exact,0.001002,15.9
1.551603,2.055133,2051.4329,1.0000000000,0.000e+00,GR_exact,0.001002,15.9
1.557515,2.023973,2020.3287,1.0000000000,0.000e+00,GR_exact,0.001002,15.9
1.563427,1.993368,1989.7784,1.0000000000,0.000e+00,GR_exact,0.001002,15.9
1.569339,1.963306,1959.7706,1.0000000000,0.000e+00,GR_exact,0.001002,15.9
1.575251,1.933776,1930.2942,1.0000000000,0.000e+00,GR_exact,0.001002,15.9
1.581162,1.904768,1901.3383,1.0000000000,0.000e+00,GR_exact,0.001002,15.9
1.587074,1.876271,1872.8923,1.0000000000,0.000e+00,GR_exact,0.001002,15.9
1.592986,1.848274,1844.9457,1.0000000000,0.000e+00,GR_exact,0.001002,15.9
1.598898,1.820767,1817.4884,1.0000000000,0.000e+00,GR_exact,0.001002,15.9
1.604810,1.793740,1790.5107,1.0000000000,0.000e+00,GR_exact,0.001002,15.9
1.610721,1.767185,1764.0026,1.0000000000,0.000e+00,GR_exact,0.001002,15.9
1.616633,1.741090,1737.9549,1.0000000000,0.000e+00,GR_exact,0.001002,15.9
1.622545,1.715447,1712.3583,1.0000000000,0.000e+00,GR_exact,0.001002,15.9
1.628457,1.690247,1687.2037,1.0000000000,0.000e+00,GR_exact,0.001002,15.9
1.634369,1.665481,1662.4823,1.0000000000,0.000e+00,GR_exact,0.001002,15.9
1.640281,1.641141,1638.1856,1.0000000000,0.000e+00,GR_exact,0.001002,15.9
1.646192,1.617217,1614.3051,1.0000000000,0.000e+00,GR_exact,0.001002,15.9
1.652104,1.593702,1590.8325,1.0000000000,0.000e+00,GR_exact,0.001002,15.9
1.658016,1.570588,1567.7598,1.0000000000,0.000e+00,GR_exact,0.001002,15.9
1.663928,1.547866,1545.0792,1.0000000000,0.000e+00,GR_exact,0.001002,15.9
1.669840,1.525530,1522.7830,1.0000000000,0.000e+00,GR_exact,0.001002,15.9
1.675752,1.503571,1500.8636,1.0000000000,0.000e+00,GR_exact,0.001002,15.9
1.681663,1.481982,1479.3137,1.0000000000,0.000e+00,GR_exact,0.001002,15.9
1.687575,1.460756,1458.1261,1.0000000000,0.000e+00,GR_exact,0.001002,15.9
1.693487,1.439886,1437.2938,1.0000000000,0.000e+00,GR_exact,0.001002,15.9
1.699399,1.419366,1416.8099,1.0000000000,0.000e+00,GR_exact,0.001002,15.9
1.705311,1.399187,1396.6676,1.0000000000,0.000e+00,GR_exact,0.001002,15.9
1.711222,1.379344,1376.8605,1.0000000000,0.000e+00,GR_exact,0.001002,15.9
1.717134,1.359831,1357.3821,1.0000000000,0.000e+00,GR_exact,0.001002,15.9
1.723046,1.340640,1338.2260,1.0000000000,0.000e+00,GR_exact,0.001002,15.9
1.728958,1.321766,1319.3862,1.0000000000,0.000e+00,GR_exact,0.001002,15.9
1.734870,1.303203,1300.8566,1.0000000000,0.000e+00,GR_exact,0.001002,15.9
1.740782,1.284945,1282.6314,1.0000000000,0.000e+00,GR_exact,0.001002,15.9
1.746693,1.266986,1264.7047,1.0000000000,0.000e+00,GR_exact,0.001002,15.9
1.752605,1.249320,1247.0710,1.0000000000,0.000e+00,GR_exact,0.001002,15.9
1.758517,1.231943,1229.7246,1.0000000000,0.000e+00,GR_exact,0.001002,15.9
1.764429,1.214848,1212.6603,1.0000000000,0.000e+00,GR_exact,0.001002,15.9
1.770341,1.198030,1195.8728,1.0000000000,0.000e+00,GR_exact,0.001002,15.9
1.776253,1.181484,1179.3568,1.0000000000,0.000e+00,GR_exact,0.001002,15.9
1.782164,1.165205,1163.1073,1.0000000000,0.000e+00,GR_exact,0.001002,15.9
1.788076,1.149189,1147.1193,1.0000000000,0.000e+00,GR_exact,0.001002,15.9
1.793988,1.133429,1131.3881,1.0000000000,0.000e+00,GR_exact,0.001002,15.9
1.799900,1.117922,1115.9088,1.0000000000,0.000e+00,GR_exact,0.001002,15.9
1.805812,1.102662,1100.6769,1.0000000000,0.000e+00,GR_exact,0.001002,15.9
1.811723,1.087646,1085.6877,1.0000000000,0.000e+00,GR_exact,0.001002,15.9
1.817635,1.072869,1070.9368,1.0000000000,0.000e+00,GR_exact,0.001002,15.9
1.823547,1.058325,1056.4199,1.0000000000,0.000e+00,GR_exact,0.001002,15.9
1.829459,1.044012,1042.1326,1.0000000000,0.000e+00,GR_exact,0.001002,15.9
1.835371,1.029925,1028.0709,1.0000000000,0.000e+00,GR_exact,0.001002,15.9
1.841283,1.016060,1014.2305,1.0000000000,0.000e+00,GR_exact,0.001002,15.9
1.847194,1.002412,1000.6076,1.0000000000,0.000e+00,GR_exact,0.001002,15.9
1.853106,0.988979,987.1981,1.0000000000,0.000e+00,GR_exact,0.001002,15.9
1.859018,0.975755,973.9982,1.0000000000,0.000e+00,GR_exact,0.001002,15.9
1.864930,0.962738,961.0042,1.0000000000,0.000e+00,GR_exact,0.001002,15.9
1.870842,0.949923,948.2123,1.0000000000,0.000e+00,GR_exact,0.001002,15.9
1.876754,0.937307,935.6190,1.0000000000,0.000e+00,GR_exact,0.001002,15.9
1.882665,0.924886,923.2206,1.0000000000,0.000e+00,GR_exact,0.001002,15.9
1.888577,0.912657,911.0138,1.0000000000,0.000e+00,GR_exact,0.001002,15.9
1.894489,0.900617,898.9951,1.0000000000,0.000e+00,GR_exact,0.001002,15.9
1.900401,0.888761,887.1612,1.0000000000,0.000e+00,GR_exact,0.001002,15.9
1.906313,0.877088,875.5088,1.0000000000,0.000e+00,GR_exact,0.001002,15.9
1.912224,0.865593,864.0348,1.0000000000,0.000e+00,GR_exact,0.001002,15.9
1.918136,0.854274,852.7359,1.0000000000,0.000e+00,GR_exact,0.001002,15.9
1.924048,0.843127,841.6092,1.0000000000,0.000e+00,GR_exact,0.001002,15.9
1.929960,0.832150,830.6515,1.0000000000,0.000e+00,GR_exact,0.001002,15.9
1.935872,0.821339,819.8600,1.0000000000,0.000e+00,GR_exact,0.001002,15.9
1.941784,0.810691,809.2318,1.0000000000,0.000e+00,GR_exact,0.001002,15.9
1.947695,0.800205,798.7639,1.0000000000,0.000e+00,GR_exact,0.001002,15.9
1.953607,0.789876,788.4538,1.0000000000,0.000e+00,GR_exact,0.001002,15.9
1.959519,0.779702,778.2985,1.0000000000,0.000e+00,GR_exact,0.001002,15.9
1.965431,0.769681,768.2955,1.0000000000,0.000e+00,GR_exact,0.001002,15.9
1.971343,0.759810,758.4420,1.0000000000,0.000e+00,GR_exact,0.001002,15.9
1.977255,0.750086,748.7357,1.0000000000,0.000e+00,GR_exact,0.001002,15.9
1.983166,0.740507,739.1738,1.0000000000,0.000e+00,GR_exact,0.001002,15.9
1.989078,0.731070,729.7541,1.0000000000,0.000e+00,GR_exact,0.001002,15.9
1.994990,0.721774,720.4739,1.0000000000,0.000e+00,GR_exact,0.001002,15.9
2.000902,0.712614,711.3311,1.0000000000,0.000e+00,GR_exact,0.001002,15.9
2.006814,0.703590,702.3231,1.0000000000,0.000e+00,GR_exact,0.001002,15.9
2.012725,0.694699,693.4479,1.0000000000,0.000e+00,GR_exact,0.001002,15.9
2.018637,0.685938,684.7030,1.0000000000,0.000e+00,GR_exact,0.001002,15.9
2.024549,0.677306,676.0863,1.0000000000,0.000e+00,GR_exact,0.001002,15.9
2.030461,0.668800,667.5957,1.0000000000,0.000e+00,GR_exact,0.001002,15.9
2.036373,0.660418,659.2290,1.0000000000,0.000e+00,GR_exact,0.001002,15.9
2.042285,0.652158,650.9842,1.0000000000,0.000e+00,GR_exact,0.001002,15.9
2.048196,0.644019,642.8592,1.0000000000,0.000e+00,GR_exact,0.001002,15.9
2.054108,0.635997,634.8520,1.0000000000,0.000e+00,GR_exact,0.001002,15.9
2.060020,0.628092,626.9607,1.0000000000,0.000e+00,GR_exact,0.001002,15.9
2.065932,0.620300,619.1834,1.0000000000,0.000e+00,GR_exact,0.001002,15.9
2.071844,0.612621,611.5181,1.0000000000,0.000e+00,GR_exact,0.001002,15.9
2.077756,0.605052,603.9631,1.0000000000,0.000e+00,GR_exact,0.001002,15.9
2.083667,0.597592,596.5164,1.0000000000,0.000e+00,GR_exact,0.001002,15.9
2.089579,0.590239,589.1763,1.0000000000,0.000e+00,GR_exact,0.001002,15.9
2.095491,0.582991,581.9411,1.0000000000,0.000e+00,GR_exact,0.001002,15.9
2.101403,0.575846,574.8091,1.0000000000,0.000e+00,GR_exact,0.001002,15.9
2.107315,0.568803,567.7785,1.0000000000,0.000e+00,GR_exact,0.001002,15.9
2.113226,0.561859,560.8477,1.0000000000,0.000e+00,GR_exact,0.001002,15.9
2.119138,0.555014,554.0151,1.0000000000,0.000e+00,GR_exact,0.001002,15.9
2.125050,0.548266,547.2791,1.0000000000,0.000e+00,GR_exact,0.001002,15.9
2.130962,0.541613,540.6382,1.0000000000,0.000e+00,GR_exact,0.001002,15.9
2.136874,0.535054,534.0907,1.0000000000,0.000e+00,GR_exact,0.001002,15.9
2.142786,0.528587,527.6352,1.0000000000,0.000e+00,GR_exact,0.001002,15.9
2.148697,0.522211,521.2702,1.0000000000,0.000e+00,GR_exact,0.001002,15.9
2.154609,0.515923,514.9943,1.0000000000,0.000e+00,GR_exact,0.001002,15.9
2.160521,0.509724,508.8060,1.0000000000,0.000e+00,GR_exact,0.001002,15.9
2.166433,0.503611,502.7039,1.0000000000,0.000e+00,GR_exact,0.001002,15.9
2.172345,0.497583,496.6867,1.0000000000,0.000e+00,GR_exact,0.001002,15.9
2.178257,0.491638,490.7530,1.0000000000,0.000e+00,GR_exact,0.001002,15.9
2.184168,0.485776,484.9014,1.0000000000,0.000e+00,GR_exact,0.001002,15.9
2.190080,0.479995,479.1308,1.0000000000,0.000e+00,GR_exact,0.001002,15.9
2.195992,0.474294,473.4397,1.0000000000,0.000e+00,GR_exact,0.001002,15.9
2.201904,0.468671,467.8269,1.0000000000,0.000e+00,GR_exact,0.001002,15.9
2.207816,0.463125,462.2913,1.0000000000,0.000e+00,GR_exact,0.001002,15.9
2.213727,0.457656,456.8315,1.0000000000,0.000e+00,GR_exact,0.001002,15.9
2.219639,0.452261,451.4465,1.0000000000,0.000e+00,GR_exact,0.001002,15.9
2.225551,0.446940,446.1350,1.0000000000,0.000e+00,GR_exact,0.001002,15.9
2.231463,0.441691,440.8958,1.0000000000,0.000e+00,GR_exact,0.001002,15.9
2.237375,0.436514,435.7280,1.0000000000,0.000e+00,GR_exact,0.001002,15.9
2.243287,0.431407,430.6302,1.0000000000,0.000e+00,GR_exact,0.001002,15.9
2.249198,0.426369,425.6016,1.0000000000,0.000e+00,GR_exact,0.001002,15.9
2.255110,0.421400,420.6409,1.0000000000,0.000e+00,GR_exact,0.001002,15.9
2.261022,0.416497,415.7471,1.0000000000,0.000e+00,GR_exact,0.001002,15.9
2.266934,0.411661,410.9193,1.0000000000,0.000e+00,GR_exact,0.001002,15.9
2.272846,0.406889,406.1564,1.0000000000,0.000e+00,GR_exact,0.001002,15.9
2.278758,0.402181,401.4573,1.0000000000,0.000e+00,GR_exact,0.001002,15.9
2.284669,0.397537,396.8212,1.0000000000,0.000e+00,GR_exact,0.001002,15.9
2.290581,0.392955,392.2470,1.0000000000,0.000e+00,GR_exact,0.001002,15.9
2.296493,0.388433,387.7338,1.0000000000,0.000e+00,GR_exact,0.001002,15.9
2.302405,0.383972,383.2807,1.0000000000,0.000e+00,GR_exact,0.001002,15.9
2.308317,0.379570,378.8868,1.0000000000,0.000e+00,GR_exact,0.001002,15.9
2.314228,0.375227,374.5511,1.0000000000,0.000e+00,GR_exact,0.001002,15.9
2.320140,0.370941,370.2728,1.0000000000,0.000e+00,GR_exact,0.001002,15.9
2.326052,0.366711,366.0511,1.0000000000,0.000e+00,GR_exact,0.001002,15.9
2.331964,0.362538,361.8850,1.0000000000,0.000e+00,GR_exact,0.001002,15.9
2.337876,0.358419,357.7737,1.0000000000,0.000e+00,GR_exact,0.001002,15.9
2.343788,0.354354,353.7164,1.0000000000,0.000e+00,GR_exact,0.001002,15.9
2.349699,0.350343,349.7123,1.0000000000,0.000e+00,GR_exact,0.001002,15.9
2.355611,0.346384,345.7606,1.0000000000,0.000e+00,GR_exact,0.001002,15.9
2.361523,0.342477,341.8605,1.0000000000,0.000e+00,GR_exact,0.001002,15.9
2.367435,0.338621,338.0113,1.0000000000,0.000e+00,GR_exact,0.001002,15.9
2.373347,0.334815,334.2121,1.0000000000,0.000e+00,GR_exact,0.001002,15.9
2.379259,0.331058,330.4623,1.0000000000,0.000e+00,GR_exact,0.001002,15.9
2.385170,0.327350,326.7611,1.0000000000,0.000e+00,GR_exact,0.001002,15.9
2.391082,0.323691,323.1078,1.0000000000,0.000e+00,GR_exact,0.001002,15.9
2.396994,0.320078,319.5016,1.0000000000,0.000e+00,GR_exact,0.001002,15.9
2.402906,0.316512,315.9420,1.0000000000,0.000e+00,GR_exact,0.001002,15.9
2.408818,0.312992,312.4281,1.0000000000,0.000e+00,GR_exact,0.001002,15.9
2.414729,0.309517,308.9594,1.0000000000,0.000e+00,GR_exact,0.001002,15.9
2.420641,0.306086,305.5352,1.0000000000,0.000e+00,GR_exact,0.001002,15.9
2.426553,0.302700,302.1548,1.0000000000,0.000e+00,GR_exact,0.001002,15.9
2.432465,0.299357,298.8175,1.0000000000,0.000e+00,GR_exact,0.001002,15.9
2.438377,0.296056,295.5229,1.0000000000,0.000e+00,GR_exact,0.001002,15.9
2.444289,0.292797,292.2701,1.0000000000,0.000e+00,GR_exact,0.001002,15.9
2.450200,0.289580,289.0587,1.0000000000,0.000e+00,GR_exact,0.001002,15.9
2.456112,0.286404,285.8880,1.0000000000,0.000e+00,GR_exact,0.001002,15.9
2.462024,0.283267,282.7574,1.0000000000,0.000e+00,GR_exact,0.001002,15.9
2.467936,0.280171,279.6664,1.0000000000,0.000e+00,GR_exact,0.001002,15.9
2.473848,0.277113,276.6144,1.0000000000,0.000e+00,GR_exact,0.001002,15.9
2.479760,0.274094,273.6008,1.0000000000,0.000e+00,GR_exact,0.001002,15.9
2.485671,0.271113,270.6251,1.0000000000,0.000e+00,GR_exact,0.001002,15.9
2.491583,0.268170,267.6867,1.0000000000,0.000e+00,GR_exact,0.001002,15.9
2.497495,0.265263,264.7851,1.0000000000,0.000e+00,GR_exact,0.001002,15.9
2.503407,0.262392,261.9198,1.0000000000,0.000e+00,GR_exact,0.001002,15.9
2.509319,0.259558,259.0903,1.0000000000,0.000e+00,GR_exact,0.001002,15.9
2.515230,0.256758,256.2960,1.0000000000,0.000e+00,GR_exact,0.001002,15.9
2.521142,0.253994,253.5364,1.0000000000,0.000e+00,GR_exact,0.001002,15.9
2.527054,0.251264,250.8111,1.0000000000,0.000e+00,GR_exact,0.001002,15.9
2.532966,0.248567,248.1196,1.0000000000,0.000e+00,GR_exact,0.001002,15.9
2.538878,0.245904,245.4614,1.0000000000,0.000e+00,GR_exact,0.001002,15.9
2.544790,0.243274,242.8360,1.0000000000,0.000e+00,GR_exact,0.001002,15.9
2.550701,0.240676,240.2429,1.0000000000,0.000e+00,GR_exact,0.001002,15.9
2.556613,0.238111,237.6818,1.0000000000,0.000e+00,GR_exact,0.001002,15.9
2.562525,0.235576,235.1521,1.0000000000,0.000e+00,GR_exact,0.001002,15.9
2.568437,0.233073,232.6535,1.0000000000,0.000e+00,GR_exact,0.001002,15.9
2.574349,0.230601,230.1854,1.0000000000,0.000e+00,GR_exact,0.001002,15.9
2.580261,0.228158,227.7475,1.0000000000,0.000e+00,GR_exact,0.001002,15.9
2.586172,0.225746,225.3394,1.0000000000,0.000e+00,GR_exact,0.001002,15.9
2.592084,0.223363,222.9605,1.0000000000,0.000e+00,GR_exact,0.001002,15.9
2.597996,0.221009,220.6106,1.0000000000,0.000e+00,GR_exact,0.001002,15.9
2.603908,0.218683,218.2893,1.0000000000,0.000e+00,GR_exact,0.001002,15.9
2.609820,0.216386,215.9960,1.0000000000,0.000e+00,GR_exact,0.001002,15.9
2.615731,0.214116,213.7305,1.0000000000,0.000e+00,GR_exact,0.001002,15.9
2.621643,0.211874,211.4924,1.0000000000,0.000e+00,GR_exact,0.001002,15.9
2.627555,0.209659,209.2812,1.0000000000,0.000e+00,GR_exact,0.001002,15.9
2.633467,0.207470,207.0966,1.0000000000,0.000e+00,GR_exact,0.001002,15.9
2.639379,0.205308,204.9383,1.0000000000,0.000e+00,GR_exact,0.001002,15.9
2.645291,0.203172,202.8059,1.0000000000,0.000e+00,GR_exact,0.001002,15.9
2.651202,0.201061,200.6991,1.0000000000,0.000e+00,GR_exact,0.001002,15.9
2.657114,0.198976,198.6174,1.0000000000,0.000e+00,GR_exact,0.001002,15.9
2.663026,0.196915,196.5605,1.0000000000,0.000e+00,GR_exact,0.001002,15.9
2.668938,0.194879,194.5282,1.0000000000,0.000e+00,GR_exact,0.001002,15.9
2.674850,0.192867,192.5200,1.0000000000,0.000e+00,GR_exact,0.001002,15.9
2.680762,0.190879,190.5357,1.0000000000,0.000e+00,GR_exact,0.001002,15.9
2.686673,0.188915,188.5750,1.0000000000,0.000e+00,GR_exact,0.001002,15.9
2.692585,0.186974,186.6374,1.0000000000,0.000e+00,GR_exact,0.001002,15.9
2.698497,0.185056,184.7227,1.0000000000,0.000e+00,GR_exact,0.001002,15.9
2.704409,0.183160,182.8306,1.0000000000,0.000e+00,GR_exact,0.001002,15.9
2.710321,0.181287,180.9608,1.0000000000,0.000e+00,GR_exact,0.001002,15.9
2.716232,0.179436,179.1130,1.0000000000,0.000e+00,GR_exact,0.001002,15.9
2.722144,0.177607,177.2869,1.0000000000,0.000e+00,GR_exact,0.001002,15.9
2.728056,0.175799,175.4822,1.0000000000,0.000e+00,GR_exact,0.001002,15.9
2.733968,0.174012,173.6986,1.0000000000,0.000e+00,GR_exact,0.001002,15.9
2.739880,0.172246,171.9359,1.0000000000,0.000e+00,GR_exact,0.001002,15.9
2.745792,0.170501,170.1937,1.0000000000,0.000e+00,GR_exact,0.001002,15.9
2.751703,0.168776,168.4718,1.0000000000,0.000e+00,GR_exact,0.001002,15.9
2.757615,0.167071,166.7699,1.0000000000,0.000e+00,GR_exact,0.001002,15.9
2.763527,0.165386,165.0878,1.0000000000,0.000e+00,GR_exact,0.001002,15.9
2.769439,0.163720,163.4252,1.0000000000,0.000e+00,GR_exact,0.001002,15.9
2.775351,0.162074,161.7818,1.0000000000,0.000e+00,GR_exact,0.001002,15.9
2.781263,0.160446,160.1574,1.0000000000,0.000e+00,GR_exact,0.001002,15.9
2.787174,0.158838,158.5518,1.0000000000,0.000e+00,GR_exact,0.001002,15.9
2.793086,0.157248,156.9646,1.0000000000,0.000e+00,GR_exact,0.001002,15.9
2.798998,0.155676,155.3957,1.0000000000,0.000e+00,GR_exact,0.001002,15.9
2.804910,0.154122,153.8448,1.0000000000,0.000e+00,GR_exact,0.001002,15.9
2.810822,0.152586,152.3117,1.0000000000,0.000e+00,GR_exact,0.001002,15.9
2.816733,0.151068,150.7961,1.0000000000,0.000e+00,GR_exact,0.001002,15.9
2.822645,0.149567,149.2978,1.0000000000,0.000e+00,GR_exact,0.001002,15.9
2.828557,0.148083,147.8166,1.0000000000,0.000e+00,GR_exact,0.001002,15.9
2.834469,0.146616,146.3523,1.0000000000,0.000e+00,GR_exact,0.001002,15.9
2.840381,0.145166,144.9047,1.0000000000,0.000e+00,GR_exact,0.001002,15.9
2.846293,0.143732,143.4735,1.0000000000,0.000e+00,GR_exact,0.001002,15.9
2.852204,0.142315,142.0585,1.0000000000,0.000e+00,GR_exact,0.001002,15.9
2.858116,0.140913,140.6595,1.0000000000,0.000e+00,GR_exact,0.001002,15.9
2.864028,0.139528,139.2764,1.0000000000,0.000e+00,GR_exact,0.001002,15.9
2.869940,0.138158,137.9088,1.0000000000,0.000e+00,GR_exact,0.001002,15.9
2.875852,0.136803,136.5567,1.0000000000,0.000e+00,GR_exact,0.001002,15.9
2.881764,0.135464,135.2198,1.0000000000,0.000e+00,GR_exact,0.001002,15.9
2.887675,0.134139,133.8979,1.0000000000,0.000e+00,GR_exact,0.001002,15.9
2.893587,0.132830,132.5908,1.0000000000,0.000e+00,GR_exact,0.001002,15.9
2.899499,0.131535,131.2984,1.0000000000,0.000e+00,GR_exact,0.001002,15.9
2.905411,0.130255,130.0204,1.0000000000,0.000e+00,GR_exact,0.001002,15.9
2.911323,0.128989,128.7566,1.0000000000,0.000e+00,GR_exact,0.001002,15.9
2.917234,0.127737,127.5070,1.0000000000,0.000e+00,GR_exact,0.001002,15.9
2.923146,0.126499,126.2713,1.0000000000,0.000e+00,GR_exact,0.001002,15.9
2.929058,0.125275,125.0493,1.0000000000,0.000e+00,GR_exact,0.001002,15.9
2.934970,0.124064,123.8409,1.0000000000,0.000e+00,GR_exact,0.001002,15.9
2.940882,0.122867,122.6458,1.0000000000,0.000e+00,GR_exact,0.001002,15.9
2.946794,0.121683,121.4640,1.0000000000,0.000e+00,GR_exact,0.001002,15.9
2.952705,0.120512,120.2952,1.0000000000,0.000e+00,GR_exact,0.001002,15.9
2.958617,0.119354,119.1394,1.0000000000,0.000e+00,GR_exact,0.001002,15.9
2.964529,0.118209,117.9962,1.0000000000,0.000e+00,GR_exact,0.001002,15.9
2.970441,0.117076,116.8657,1.0000000000,0.000e+00,GR_exact,0.001002,15.9
2.976353,0.115956,115.7475,1.0000000000,0.000e+00,GR_exact,0.001002,15.9
2.982265,0.114848,114.6416,1.0000000000,0.000e+00,GR_exact,0.001002,15.9
2.988176,0.113753,113.5479,1.0000000000,0.000e+00,GR_exact,0.001002,15.9
2.994088,0.112669,112.4660,1.0000000000,0.000e+00,GR_exact,0.001002,15.9
3.000000,0.111597,111.3960,1.0000000000,0.000e+00,GR_exact,0.001002,15.9
